OAHR,Herat Airport,34.20999908,62.22829819,{AM:118.1;FM:;SW:},JA-a
OAJL,Jalalabad Airport,34.39979935,70.49859619,{AM:118.5;FM:;SW:},JA-a
OAKB,Hamid Karzai International Airport,34.565899,69.212303,{AM:131.6;FM:;SW:},JA-a
OAKN,Kandahar Airport,31.50580025,65.84780121,{AM:120.8;FM:;SW:25.32},JA-a
OAMN,Maimana Airport,35.93080139,64.7609024,{AM:118.1;FM:;SW:},JA-a
OAMS,Mazar I Sharif Airport,36.70690155,67.20970154,{AM:121.25;FM:;SW:},AVGAS
OASG,Sheberghan Airport,36.75080109,65.91320038,{AM:118.1;FM:;SW:},JA-a
OAUZ,Konduz Airport,36.6651001,68.91079712,{AM:130.35;FM:;SW:},JA-a
OAIX,Bagram Air Base,34.94609833,69.26499939,{AM:133.35;FM:;SW:27.887},JA-a
LATI,Tirana International Airport Mother Teresa,41.41469955,19.72060013,{AM:127.5;FM:;SW:},JA-a
DAAD,Bou Saada Airport,35.33250046,4.206389904,{AM:118.1;FM:;SW:},JA-a;AVGAS
DAAE,Soummam Airport,36.7120018,5.069920063,{AM:118.9;FM:;SW:},JA-a;AVGAS
DAAG,Houari Boumediene Airport,36.69100189,3.215409994,{AM:121.4;FM:;SW:},JA-a
DAAJ,Djanet Inedbirene Airport,24.292801,9.45244,{AM:118.1;FM:;SW:},AVGAS
DAAP,Illizi Takhamalt Airport,26.7234993,8.622650146,{AM:118.7;FM:;SW:},AVGAS
DAAV,Jijel Ferhat Abbas Airport,36.79510117,5.87361002,{AM:119.7;FM:;SW:},JA-a;AVGAS
DABB,Rabah Bitat Airport,36.822201,7.809174,{AM:119;FM:;SW:},JA-a
DABC,Mohamed Boudiaf International Airport,36.27600098,6.620389938,{AM:120.1;FM:;SW:},JA-a;AVGAS
DAOB,Bou Chekif Airport,35.34109879,1.463150024,{AM:118.1;FM:;SW:},JA-a
DAOI,Ech Cheliff Airport,36.21269989,1.331769943,{AM:119;FM:;SW:},JA-a
DAOL,Tafaraoui Airport,35.54240036,-0.532278001,{AM:118.3;FM:;SW:},JA-a
DAOO,Es Senia Airport,35.62390137,-0.621182978,{AM:128.2;FM:;SW:},JA-a
DAOV,Ghriss Airport,35.20769882,0.147141993,{AM:119.7;FM:;SW:},AVGAS
DAUA,Touat Cheikh Sidi Mohamed Belkebir Airport,27.83760071,-0.186414003,{AM:119.7;FM:;SW:},JA-a
DAUE,El Golea Airport,30.57130051,2.859590054,{AM:119.7;FM:;SW:},JA-a
DAUH,Oued Irara Airport,31.67300034,6.140439987,{AM:120;FM:;SW:},JA-a;AVGAS
DAUI,In Salah Airport,27.25099945,2.512020111,{AM:118.1;FM:;SW:},JA-a
DAUK,Touggourt Sidi Madhi Airport,33.06779861,6.088669777,{AM:119.7;FM:;SW:},AVGAS
DAUT,Timimoun Airport,29.2371006,0.276033014,{AM:119.7;FM:;SW:},JA-a;AVGAS
DABT,Batna Airport,35.7521019,6.308589935,{AM:118.1;FM:;SW:},JA-a
DAUO,Guemar Airport,33.51139832,6.776790142,{AM:119.7;FM:;SW:},AVGAS
NSTU,Pago Pago International Airport,-14.33100033,-170.7100067,{AM:126.9;FM:;SW:},AVGAS
NSFQ,Fitiuta Airport,-14.2172,-169.425003,{AM:122.9;FM:;SW:},JA-a;AVGAS
FNBC,Mbanza Congo Airport,-6.269899845,14.24699974,{AM:118.8;FM:;SW:},JA-a
FNBG,Benguela Airport,-12.60900021,13.40369987,{AM:118.7;FM:;SW:},AVGAS
FNCA,Cabinda Airport,-5.596990108,12.18840027,{AM:118.3;FM:;SW:},JA-a
FNHU,Nova Lisboa Airport,-12.80889988,15.76049995,{AM:118.3;FM:;SW:},AVGAS
FNKU,Kuito Airport,-12.40460014,16.94739914,{AM:118.7;FM:;SW:},JA-a
FNLB,Lobito Airport,-12.37119961,13.53660011,{AM:118.3;FM:;SW:},AVGAS
FNLU,Quatro de Fevereiro Airport,-8.85837,13.2312,{AM:129.5;FM:;SW:},AVGAS
FNMA,Malanje Airport,-9.525090218,16.31240082,{AM:118.9;FM:;SW:},AVGAS
FNME,Menongue Airport,-14.6576004,17.71980095,{AM:118.9;FM:;SW:},JA-a;AVGAS
FNNG,Negage Airport,-7.754509926,15.2876997,{AM:118.7;FM:;SW:},JA-a;AVGAS
FNPA,Porto Amboim Airport,-10.72200012,13.76550007,{AM:118.8;FM:;SW:},JA-a
FNSA,Saurimo Airport,-9.689069748,20.43190002,{AM:118.1;FM:;SW:},JA-a
FNSO,Soyo Airport,-6.141089916,12.37180042,{AM:118.9;FM:;SW:},JA-a;AVGAS
FNUB,Lubango Airport,-14.92469978,13.57499981,{AM:118.9;FM:;SW:},JA-a;AVGAS
FNUE,Luena Airport,-11.76809978,19.89769936,{AM:118.1;FM:;SW:},AVGAS
FNUG,Uige Airport,-7.603069782,15.02779961,{AM:118.7;FM:;SW:},JA-a
FNDU,Dundo Airport,-7.400889874,20.81850052,{AM:118.3;FM:;SW:},AVGAS
FNGI,Ngjiva Pereira Airport,-17.0435009,15.68379974,{AM:118.7;FM:;SW:},JA-a
FNMO,Namibe Airport,-15.26119995,12.14680004,{AM:118.1;FM:;SW:},AVGAS
FNSU,Sumbe Airport,-11.16790009,13.84749985,{AM:118.8;FM:;SW:},AVGAS
TQPF,Clayton J Lloyd International Airport,18.2048,-63.055099,{AM:128.95;FM:;SW:},JA-a
NZWD,Williams Field,-77.86740112,167.0570068,{AM:118.2;FM:;SW:},AVGAS
SAWB,Marambio Base,-64.23829651,-56.63079834,{AM:118.1;FM:;SW:},JA-a;AVGAS
SCRM,Teniente Rodolfo Marsh Martin Base,-62.19079971,-58.98669815,{AM:118.1;FM:;SW:},JA-a
NZIR,McMurdo Station Ice Runway,-77.85399628,166.4689941,{AM:118.2;FM:;SW:},JA-a
NZPG,McMurdo Station Pegasus Field,-77.96340179,166.5249939,{AM:118.2;FM:;SW:},JA-a
TAPA,V.C. Bird International Airport,17.1367,-61.792702,{AM:119.1;FM:;SW:26.48},JA-a
SAAC,Comodoro Pierrestegui Airport,-31.2969,-57.9966,{AM:122.1;FM:;SW:},AVGAS
SAAG,Gualeguaychu Airport,-33.0103,-58.6131,{AM:118.4;FM:;SW:},JA-a
SAAJ,Junin Airport,-34.5459,-60.9306,{AM:118.8;FM:;SW:},JA-a;AVGAS
SAAP,General Urquiza Airport,-31.7948,-60.4804,{AM:119.6;FM:;SW:},JA-a;AVGAS
SAAR,Islas Malvinas Airport,-32.9036,-60.785,{AM:118.7;FM:;SW:},JA-a;AVGAS
SAAV,Sauce Viejo Airport,-31.7117,-60.8117,{AM:118.95;FM:;SW:},JA-a
SABE,Jorge Newbery Airpark,-34.5592,-58.4156,{AM:120.6;FM:;SW:},JA-a;AVGAS
SACO,Ingeniero Ambrosio Taravella Airport,-31.323601,-64.208,{AM:121.75;FM:;SW:},AVGAS
SACT,Chamical Airport,-30.34530067,-66.29360198,{AM:118.5;FM:;SW:},AVGAS
SADF,San Fernando Airport,-34.4532,-58.5896,{AM:121.65;FM:;SW:},AVGAS
SADJ,Mariano Moreno Airport,-34.5606,-58.7896,{AM:119.7;FM:;SW:},AVGAS
SADL,La Plata Airport,-34.9722,-57.8947,{AM:119.3;FM:;SW:},JA-a
SADM,Moron Airport,-34.6763,-58.6428,{AM:120.75;FM:;SW:},JA-a;AVGAS
SADP,El Palomar Airport,-34.6099,-58.6126,{AM:118.9;FM:;SW:},JA-a
SAHR,Dr. Arturo H. Illia Airport,-39.0007019,-67.62049866,{AM:119.4;FM:;SW:},JA-a
SAME,El Plumerillo Airport,-32.83169937,-68.79290009,{AM:121.95;FM:;SW:},JA-a
SAMR,Suboficial Ay Santiago Germano Airport,-34.588299,-68.4039,{AM:118.1;FM:;SW:},AVGAS
SANC,Catamarca Airport,-28.59560013,-65.75170136,{AM:118.15;FM:;SW:},JA-a;AVGAS
SANL,Capitan V A Almonacid Airport,-29.38159943,-66.79579926,{AM:118.45;FM:;SW:},JA-a;AVGAS
SANT,Teniente Benjamin Matienzo Airport,-26.8409,-65.104897,{AM:122.5;FM:;SW:},JA-a
SANU,Domingo Faustino Sarmiento Airport,-31.571501,-68.418198,{AM:119.35;FM:;SW:},AVGAS
SAOC,Area De Material Airport,-33.08509827,-64.26129913,{AM:118.75;FM:;SW:},JA-a
SAOD,Villa Dolores Airport,-31.94519997,-65.14630127,{AM:118.1;FM:;SW:},AVGAS
SAOM,Marcos Juarez Airport,-32.6836,-62.157801,{AM:118.6;FM:;SW:},AVGAS
SAOR,Villa Reynolds Airport,-33.72990036,-65.38739777,{AM:122.1;FM:;SW:},JA-a
SAOU,Brigadier Mayor D Cesar Raul Ojeda Airport,-33.27320099,-66.35639954,{AM:118.4;FM:;SW:},JA-a
SARC,Corrientes Airport,-27.4455,-58.7619,{AM:118.3;FM:;SW:},JA-a;AVGAS
SARE,Resistencia International Airport,-27.45,-59.0561,{AM:119.5;FM:;SW:},JA-a
SARF,Formosa Airport,-26.2127,-58.2281,{AM:119.1;FM:;SW:},JA-a
SARL,Paso De Los Libres Airport,-29.6894,-57.1521,{AM:120.3;FM:;SW:},JA-a
SARM,Monte Caseros Airport,-30.2719,-57.6402,{AM:118.7;FM:;SW:},AVGAS
SARP,Libertador Gral D Jose De San Martin Airport,-27.3858,-55.9707,{AM:120.1;FM:;SW:},JA-a
SARS,Termal Airport,-26.753611,-60.492222,{AM:118.9;FM:;SW:},JA-a;AVGAS
SASA,Martin Miguel De Guemes International Airport,-24.8560009,-65.48619843,{AM:126.9;FM:;SW:},JA-a
SASJ,Gobernador Horacio Guzman International Airport,-24.392799,-65.097801,{AM:118.7;FM:;SW:},JA-a;AVGAS
SATG,Goya Airport,-29.1058,-59.2189,{AM:118.1;FM:;SW:},JA-a;AVGAS
SATR,Reconquista Airport,-29.2103,-59.68,{AM:119;FM:;SW:},JA-a
SATU,Curuzu Cuatia Airport,-29.7706,-57.9789,{AM:118.1;FM:;SW:},AVGAS
SAVB,El Bolson Airport,-41.94319916,-71.53230286,{AM:118.4;FM:;SW:},JA-a
SAVC,General E. Mosconi Airport,-45.7853,-67.4655,{AM:124.3;FM:;SW:},JA-a
SAVE,Brigadier Antonio Parodi Airport,-42.90800095,-71.13950348,{AM:118.1;FM:;SW:},JA-a
SAVT,Almirante Marco Andres Zar Airport,-43.2105,-65.2703,{AM:122.1;FM:;SW:},JA-a
SAVV,Gobernador Castello Airport,-40.8692,-63.0004,{AM:118.3;FM:;SW:},JA-a;AVGAS
SAVY,El Tehuelche Airport,-42.7592,-65.1027,{AM:119.5;FM:;SW:},JA-a;AVGAS
SAWD,Puerto Deseado Airport,-47.7353,-65.9041,{AM:118.3;FM:;SW:},JA-a;AVGAS
SAWE,Hermes Quijada International Airport,-53.7777,-67.7494,{AM:118.3;FM:;SW:},AVGAS
SAWH,Malvinas Argentinas Airport,-54.8433,-68.2958,{AM:122.1;FM:;SW:},AVGAS
SAWJ,Capitan D Daniel Vazquez Airport,-49.3068,-67.8026,{AM:118.1;FM:;SW:},JA-a
SAWP,Perito Moreno Airport,-46.537899,-70.978699,{AM:118.1;FM:;SW:},JA-a
SAWU,Santa Cruz Airport,-50.0165,-68.5792,{AM:118.6;FM:;SW:},AVGAS
SAZB,Comandante Espora Airport,-38.725,-62.1693,{AM:124.8;FM:;SW:},JA-a
SAZF,Olavarria Airport,-36.88999939,-60.21659851,{AM:118.1;FM:;SW:},AVGAS
SAZG,General Pico Airport,-35.69620132,-63.75830078,{AM:119;FM:;SW:},JA-a
SAZN,Presidente Peron Airport,-38.949001,-68.155701,{AM:119.3;FM:;SW:},JA-a;AVGAS
SAZP,Comodoro Pedro Zanni Airport,-35.8446,-61.8576,{AM:118.35;FM:;SW:},JA-a
SAZR,Santa Rosa Airport,-36.588299,-64.275703,{AM:118.3;FM:;SW:},JA-a
SAZS,San Carlos De Bariloche Airport,-41.151199,-71.157501,{AM:127.9;FM:;SW:},AVGAS
SAZV,Villa Gesell Airport,-37.2354,-57.0292,{AM:119;FM:;SW:},AVGAS
SAZW,Cutral-Co Airport,-38.93970108,-69.26460266,{AM:121.9;FM:;SW:},AVGAS
SAZY,Aviador C. Campos Airport,-40.075401,-71.137299,{AM:121.7;FM:;SW:},JA-a
SAEZ,Ministro Pistarini International Airport,-34.8222,-58.5358,{AM:124.9;FM:;SW:},JA-a
SAWC,El Calafate Airport,-50.2803,-72.053101,{AM:119.95;FM:;SW:},JA-a;AVGAS
SAST,General Enrique Mosconi Airport,-22.6196003,-63.79370117,{AM:118.6;FM:;SW:},JA-a
SAZL,Santa Teresita Airport,-36.5423,-56.7218,{AM:122.1;FM:;SW:},JA-a;AVGAS
SAZO,Necochea Airport,-38.4831,-58.8172,{AM:118.1;FM:;SW:},AVGAS
UDYE,Erebuni Airport,40.12210083,44.46500015,{AM:119.4;FM:;SW:},JA-a
UDLS,Stepanavan Airport,41.04850006,44.33720016,{AM:130.3;FM:;SW:},JA-a
UDYZ,Zvartnots International Airport,40.14730072,44.39590073,{AM:126;FM:;SW:},JA-a;AVGAS
UDSG,Gyumri Shirak Airport,40.75040054,43.85929871,{AM:127.7;FM:;SW:},AVGAS
TNCA,Queen Beatrix International Airport,12.5014,-70.015198,{AM:132.1;FM:;SW:},JA-a;AVGAS
YBAF,Brisbane Archerfield Airport,-27.57029915,153.0079956,{AM:120.9;FM:;SW:},JA-a
YBAS,Alice Springs Airport,-23.80669975,133.9019928,{AM:118.3;FM:;SW:},AVGAS
YBBN,Brisbane International Airport,-27.38419914,153.1170044,{AM:124.35;FM:;SW:},JA-a
YBCG,Gold Coast Airport,-28.1644001,153.5050049,{AM:123.5;FM:;SW:},AVGAS
YBCS,Cairns International Airport,-16.88579941,145.7550049,{AM:118.4;FM:;SW:},JA-a
YBCV,Charleville Airport,-26.41329956,146.2619934,{AM:126.7;FM:;SW:},AVGAS
YBMA,Mount Isa Airport,-20.66390038,139.4889984,{AM:126.5;FM:;SW:},JA-a
YBMK,Mackay Airport,-21.17169952,149.1799927,{AM:124.5;FM:;SW:},AVGAS
YBPN,Proserpine Whitsunday Coast Airport,-20.49500084,148.552002,{AM:126.7;FM:;SW:},JA-a;AVGAS
YBRK,Rockhampton Airport,-23.38190079,150.4750061,{AM:118.1;FM:;SW:},JA-a;AVGAS
YBTL,Townsville Airport,-19.25250053,146.7649994,{AM:126.8;FM:;SW:},AVGAS
YBWP,Weipa Airport,-12.67860031,141.9250031,{AM:126.7;FM:;SW:},JA-a
YMAV,Avalon Airport,-38.039398,144.468994,{AM:120.1;FM:;SW:},AVGAS
YMAY,Albury Airport,-36.06779861,146.9579926,{AM:124.2;FM:;SW:},JA-a
YMEN,Melbourne Essendon Airport,-37.7281,144.901993,{AM:132;FM:;SW:},AVGAS
YMES,RAAF Base East Sale,-38.09889984,147.1490021,{AM:123.3;FM:;SW:},JA-a;AVGAS
YMHB,Hobart International Airport,-42.83610153,147.5099945,{AM:118.1;FM:;SW:},AVGAS
YMLT,Launceston Airport,-41.54529953,147.2140045,{AM:118.7;FM:;SW:},JA-a;AVGAS
YMMB,Melbourne Moorabbin Airport,-37.97579956,145.102005,{AM:120.9;FM:;SW:},JA-a
YMML,Melbourne International Airport,-37.673302,144.843002,{AM:132;FM:;SW:},JA-a
YMPC,RAAF Williams Point Cook Base,-37.932201,144.753006,{AM:126.2;FM:;SW:},JA-a
YPAD,Adelaide International Airport,-34.945,138.531006,{AM:118.2;FM:;SW:},JA-a;AVGAS
YPED,RAAF Base Edinburgh,-34.70249939,138.6210022,{AM:128.6;FM:;SW:},JA-a;AVGAS
YPJT,Perth Jandakot Airport,-32.09749985,115.8809967,{AM:128.65;FM:;SW:},JA-a;AVGAS
YPKA,Karratha Airport,-20.71220016,116.7730026,{AM:127.35;FM:;SW:},JA-a;AVGAS
YPKG,Kalgoorlie Boulder Airport,-30.7894001,121.461998,{AM:126.6;FM:;SW:},AVGAS
YPKU,Kununurra Airport,-15.77810001,128.7079926,{AM:127;FM:;SW:},JA-a
YPLM,Learmonth Airport,-22.23559952,114.0889969,{AM:120.5;FM:;SW:25.93},JA-a
YPPD,Port Hedland International Airport,-20.37779999,118.6259995,{AM:119.9;FM:;SW:},AVGAS
YPPF,Adelaide Parafield Airport,-34.79330063,138.6329956,{AM:120.9;FM:;SW:},JA-a
YPPH,Perth International Airport,-31.94029999,115.9670029,{AM:123.6;FM:;SW:},AVGAS
YPWR,Woomera Airfield,-31.14419937,136.8170013,{AM:118.3;FM:;SW:25.93},AVGAS
YSBK,Sydney Bankstown Airport,-33.92440033,150.9880066,{AM:120.9;FM:;SW:},JA-a
YSCB,Canberra International Airport,-35.30690002,149.1950073,{AM:124.5;FM:;SW:},AVGAS
YSCN,Camden Airport,-34.04029846,150.6869965,{AM:125.1;FM:;SW:},AVGAS
YSDU,Dubbo City Regional Airport,-32.21670151,148.5749969,{AM:134;FM:;SW:},JA-a
YSRI,RAAF Base Richmond,-33.600601,150.781006,{AM:135.9;FM:;SW:26.17},JA-a;AVGAS
YSSY,Sydney Kingsford Smith International Airport,-33.94609833,151.177002,{AM:135.1;FM:;SW:},JA-a
YSTW,Tamworth Airport,-31.08390045,150.8470001,{AM:119.4;FM:;SW:},JA-a;AVGAS
YSWG,Wagga Wagga City Airport,-35.16529846,147.4660034,{AM:118.2;FM:;SW:},AVGAS
YEML,Emerald Airport,-23.56749916,148.1790009,{AM:126.7;FM:;SW:},JA-a
YPDN,Darwin International Airport,-12.41469955,130.8769989,{AM:125.2;FM:;SW:},JA-a
YAYE,Ayers Rock Connellan Airport,-25.1861,130.975998,{AM:126.55;FM:;SW:},AVGAS
YKSC,Kingscote Airport,-35.71390152,137.5209961,{AM:126;FM:;SW:},JA-a
YHBA,Hervey Bay Airport,-25.31889915,152.8800049,{AM:126.55;FM:;SW:},AVGAS
YARM,Armidale Airport,-30.52809906,151.6170044,{AM:124.2;FM:;SW:},JA-a
YBCK,Blackall Airport,-24.42779922,145.4290009,{AM:126.7;FM:;SW:},AVGAS
YBUD,Bundaberg Airport,-24.90390015,152.3190002,{AM:126.9;FM:;SW:},JA-a;AVGAS
YTNG,Thangool Airport,-24.4939003,150.576004,{AM:126.7;FM:;SW:},AVGAS
YBNA,Ballina Byron Gateway Airport,-28.83390045,153.5619965,{AM:124.2;FM:;SW:},JA-a
YBRM,Broome International Airport,-17.94470024,122.2320023,{AM:126.55;FM:;SW:},JA-a;AVGAS
YWLM,Newcastle Airport,-32.79499817,151.8339996,{AM:135.7;FM:;SW:},JA-a;AVGAS
YABA,Albany Airport,-34.94329834,117.8089981,{AM:126.7;FM:;SW:},JA-a
YARG,Argyle Airport,-16.6369,128.451004,{AM:127.3;FM:;SW:},JA-a
YAUR,Aurukun Airport,-13.354067,141.72065,{AM:126.7;FM:;SW:},JA-a
YBAR,Barcaldine Airport,-23.56529999,145.3070068,{AM:126.7;FM:;SW:},JA-a;AVGAS
YBAU,Badu Island Airport,-10.14999962,142.1734,{AM:120.3;FM:;SW:},JA-a
YBDV,Birdsville Airport,-25.89749908,139.3480072,{AM:126.7;FM:;SW:},JA-a;AVGAS
YBHI,Broken Hill Airport,-32.00139999,141.4720001,{AM:126.7;FM:;SW:},JA-a
YBHM,Hamilton Island Airport,-20.35810089,148.9519959,{AM:126.7;FM:;SW:},JA-a;AVGAS
YBIE,Bedourie Airport,-24.34609985,139.4600067,{AM:126.7;FM:;SW:},JA-a;AVGAS
YBKE,Bourke Airport,-30.03919983,145.9519958,{AM:126.7;FM:;SW:},AVGAS
YBKT,Burketown Airport,-17.74860001,139.5339966,{AM:126.7;FM:;SW:},JA-a;AVGAS
YBOI,Boigu Airport,-9.232780457,142.2180023,{AM:127.1;FM:;SW:},JA-a
YBOK,Oakey Airport,-27.41139984,151.7350006,{AM:125.4;FM:;SW:},JA-a
YBOU,Boulia Airport,-22.91329956,139.8999939,{AM:126.7;FM:;SW:},JA-a
YBTH,Bathurst Airport,-33.40940094,149.6519928,{AM:127.35;FM:;SW:},AVGAS
YBTR,Blackwater Airport,-23.60309982,148.8070068,{AM:126.7;FM:;SW:},JA-a
YCAR,Carnarvon Airport,-24.880211,113.67174,{AM:126.7;FM:;SW:},JA-a
YCBA,Cobar Airport,-31.53829956,145.7940063,{AM:126.7;FM:;SW:},JA-a
YCBP,Coober Pedy Airport,-29.04000092,134.720993,{AM:126.7;FM:;SW:},JA-a;AVGAS
YCCT,Coconut Island Airport,-10.05000019,143.0700073,{AM:126.7;FM:;SW:},AVGAS
YCCY,Cloncurry Airport,-20.66860008,140.5039978,{AM:126.7;FM:;SW:},JA-a
YCDU,Ceduna Airport,-32.13059998,133.7100067,{AM:126.7;FM:;SW:},JA-a
YCKN,Cooktown Airport,-15.44470024,145.1840057,{AM:126.7;FM:;SW:},JA-a;AVGAS
YCMU,Cunnamulla Airport,-28.03000069,145.621994,{AM:126.7;FM:;SW:},JA-a
YCNM,Coonamble Airport,-30.98329926,148.3760071,{AM:126.7;FM:;SW:},AVGAS
YCOE,Coen Airport,-13.761133,143.113311,{AM:126.7;FM:;SW:},JA-a
YCOM,Cooma Snowy Mountains Airport,-36.30059814,148.973999,{AM:118.1;FM:;SW:},JA-a
YDMG,Doomadgee Airport,-17.9403,138.822006,{AM:126.7;FM:;SW:},AVGAS
YDNI,Darnley Island Airport,-9.583330154,143.7669983,{AM:126;FM:;SW:},JA-a;AVGAS
YDPO,Devonport Airport,-41.16970062,146.4299927,{AM:126.9;FM:;SW:},AVGAS
YELD,Elcho Island Airport,-12.01939964,135.5709991,{AM:127.15;FM:;SW:},JA-a
YESP,Esperance Airport,-33.684399,121.822998,{AM:126.7;FM:;SW:},AVGAS
YFLI,Flinders Island Airport,-40.09170151,147.9929962,{AM:124.229;FM:;SW:},AVGAS
YGEL,Geraldton Airport,-28.796101,114.707001,{AM:126.7;FM:;SW:},JA-a;AVGAS
YGLA,Gladstone Airport,-23.869699,151.223007,{AM:118.8;FM:;SW:},AVGAS
YGTE,Groote Eylandt Airport,-13.97500038,136.4600067,{AM:126;FM:;SW:},AVGAS
YGTH,Griffith Airport,-34.25080109,146.0670013,{AM:126.55;FM:;SW:},JA-a;AVGAS
YHID,Horn Island Airport,-10.58640003,142.2899933,{AM:126.5;FM:;SW:},JA-a
YHOO,Hooker Creek Airport,-18.33670044,130.6380005,{AM:126.7;FM:;SW:},JA-a
YHOT,Mount Hotham Airport,-37.04750061,147.3339996,{AM:126.75;FM:;SW:},AVGAS
YHUG,Hughenden Airport,-20.81500053,144.2250061,{AM:126.7;FM:;SW:},JA-a
YJLC,Julia Creek Airport,-20.66830063,141.7230072,{AM:126.7;FM:;SW:},AVGAS
YKII,King Island Airport,-39.87749863,143.878006,{AM:126.85;FM:;SW:},JA-a
YKKG,Kalkgurung Airport,-17.43190002,130.8079987,{AM:126.7;FM:;SW:},JA-a;AVGAS
YKMB,Karumba Airport,-17.45669937,140.8300018,{AM:126.7;FM:;SW:},JA-a
YKOW,Kowanyama Airport,-15.48560047,141.7510071,{AM:126.7;FM:;SW:},AVGAS
YKUB,Kubin Airport,-10.22500038,142.2180023,{AM:126.5;FM:;SW:},AVGAS
YLEO,Leonora Airport,-28.87809944,121.3150024,{AM:126.8;FM:;SW:},JA-a
YLEV,Lake Evella Airport,-12.49890041,135.8059998,{AM:127.15;FM:;SW:},JA-a;AVGAS
YLHI,Lord Howe Island Airport,-31.53829956,159.0769959,{AM:126.7;FM:;SW:},JA-a
YLHR,Lockhart River Airport,-12.7869,143.304993,{AM:126.7;FM:;SW:},JA-a
YLIS,Lismore Airport,-28.83029938,153.2599945,{AM:124.2;FM:;SW:},JA-a
YLRD,Lightning Ridge Airport,-29.45669937,147.9839935,{AM:126.7;FM:;SW:},AVGAS
YLRE,Longreach Airport,-23.43420029,144.2799988,{AM:126.7;FM:;SW:},JA-a;AVGAS
YLST,Leinster Airport,-27.84329987,120.7030029,{AM:126.5;FM:;SW:},AVGAS
YLTN,Laverton Airport,-28.61359978,122.4240036,{AM:126.8;FM:;SW:},JA-a;AVGAS
YMAA,Mabuiag Island Airport,-9.949999809,142.1829987,{AM:120.327;FM:;SW:},AVGAS
YMEK,Meekatharra Airport,-26.61170006,118.5479965,{AM:126.7;FM:;SW:},JA-a
YMER,Merimbula Airport,-36.90859985,149.901001,{AM:126.7;FM:;SW:},JA-a
YMGB,Milingimbi Airport,-12.09440041,134.8939972,{AM:127.5;FM:;SW:},JA-a
YMGD,Maningrida Airport,-12.05609989,134.2339935,{AM:127.5;FM:;SW:},JA-a;AVGAS
YMHU,McArthur River Mine Airport,-16.44249916,136.0839996,{AM:126.7;FM:;SW:},JA-a
YMIA,Mildura Airport,-34.22919846,142.0859985,{AM:118.8;FM:;SW:},JA-a;AVGAS
YMOG,Mount Magnet Airport,-28.11610031,117.8420029,{AM:126.7;FM:;SW:},JA-a
YMOR,Moree Airport,-29.49889946,149.8450012,{AM:126.7;FM:;SW:},AVGAS
YMRB,Moranbah Airport,-22.05780029,148.0769959,{AM:126.7;FM:;SW:},JA-a;AVGAS
YMRY,Moruya Airport,-35.89780045,150.1439972,{AM:120.75;FM:;SW:},JA-a
YMTG,Mount Gambier Airport,-37.74560165,140.7850037,{AM:126.65;FM:;SW:},JA-a;AVGAS
YMTI,Mornington Island Airport,-16.66250038,139.1779938,{AM:126.7;FM:;SW:},AVGAS
YMYB,Maryborough Airport,-25.5133,152.714996,{AM:126.55;FM:;SW:},JA-a;AVGAS
YNAR,Narrandera Airport,-34.70220184,146.5119934,{AM:126.7;FM:;SW:},JA-a
YNBR,Narrabri Airport,-30.31920052,149.8269959,{AM:126.7;FM:;SW:},JA-a;AVGAS
YNTN,Normanton Airport,-17.68409,141.069664,{AM:126.7;FM:;SW:},AVGAS
YNWN,Newman Airport,-23.4178009,119.8030014,{AM:126.7;FM:;SW:},JA-a
YOLD,Olympic Dam Airport,-30.48500061,136.8769989,{AM:126.7;FM:;SW:},JA-a
YPAG,Port Augusta Airport,-32.50690079,137.7169952,{AM:126.7;FM:;SW:},AVGAS
YPAM,Palm Island Airport,-18.75530052,146.5809937,{AM:126.8;FM:;SW:},JA-a;AVGAS
YPBO,Paraburdoo Airport,-23.17110062,117.7450027,{AM:126.7;FM:;SW:},JA-a
YPGV,Gove Airport,-12.26939964,136.8179932,{AM:127.8;FM:;SW:},JA-a
YPKS,Parkes Airport,-33.13140106,148.2389984,{AM:128.55;FM:;SW:},JA-a
YPLC,Port Lincoln Airport,-34.6053009,135.8800049,{AM:126.7;FM:;SW:},JA-a
YPMP,Pormpuraaw Airport,-14.896451,141.60908,{AM:126.7;FM:;SW:},JA-a;AVGAS
YPMQ,Port Macquarie Airport,-31.43580055,152.8630066,{AM:118.1;FM:;SW:},JA-a;AVGAS
YPOD,Portland Airport,-38.31809998,141.470993,{AM:126.7;FM:;SW:},JA-a
YQLP,Quilpie Airport,-26.61219978,144.253006,{AM:126.7;FM:;SW:},JA-a
YRNG,Ramingining Airport,-12.35639954,134.897995,{AM:126.7;FM:;SW:},JA-a
YROM,Roma Airport,-26.54500008,148.7749939,{AM:126.7;FM:;SW:},AVGAS
YSGE,St George Airport,-28.04969978,148.5950012,{AM:126.7;FM:;SW:},JA-a
YSHK,Shark Bay Airport,-25.89389992,113.5770035,{AM:126.7;FM:;SW:},JA-a
YSII,Saibai Island Airport,-9.378330231,142.625,{AM:124.8;FM:;SW:},JA-a
YSRN,Strahan Airport,-42.15499878,145.2920074,{AM:122.8;FM:;SW:},AVGAS
YTGM,Thargomindah Airport,-27.9864006,143.8110046,{AM:126.7;FM:;SW:},AVGAS
YTNK,Tennant Creek Airport,-19.63439941,134.1829987,{AM:126.7;FM:;SW:},JA-a
YVRD,Victoria River Downs Airport,-16.4021244,131.0049744,{AM:126.7;FM:;SW:},JA-a
YWBS,Warraber Island Airport,-10.20829964,142.8249969,{AM:120.3;FM:;SW:},JA-a;AVGAS
YWDH,Windorah Airport,-25.41309929,142.6670074,{AM:126.7;FM:;SW:},JA-a
YWHA,Whyalla Airport,-33.05889893,137.5140076,{AM:126.9;FM:;SW:},JA-a;AVGAS
YWLU,Wiluna Airport,-26.62919998,120.2210007,{AM:127.2;FM:;SW:},AVGAS
YWTN,Winton Airport,-22.36359978,143.0859985,{AM:126.7;FM:;SW:},JA-a;AVGAS
YWYY,Wynyard Airport,-40.99890137,145.7310028,{AM:133.35;FM:;SW:},JA-a
YYMI,Yam Island Airport,-9.901109695,142.776001,{AM:124.9;FM:;SW:},JA-a
YMNE,Mount Keith Airport,-27.28639984,120.5550003,{AM:126.5;FM:;SW:},JA-a;AVGAS
YGFN,Grafton Airport,-29.75939941,153.0299988,{AM:126.7;FM:;SW:},AVGAS
YORG,Orange Airport,-33.38169861,149.1329956,{AM:119;FM:;SW:},AVGAS
YTRE,Taree Airport,-31.8885994,152.5140076,{AM:118.1;FM:;SW:},JA-a
YGLB,Goulburn Airport,-34.81029892,149.7259979,{AM:127.15;FM:;SW:},AVGAS
YCNK,Cessnock Airport,-32.787498,151.341995,{AM:122.65;FM:;SW:},AVGAS
YSCO,Scone Airport,-32.03720093,150.8320007,{AM:128;FM:;SW:},AVGAS
YMDG,Mudgee Airport,-32.5625,149.6109924,{AM:126.7;FM:;SW:},JA-a
YMND,Maitland Airport,-32.701265,151.492912,{AM:122.65;FM:;SW:},JA-a
KOKB,Oceanside Municipal Airport,33.21730042,-117.3539963,{AM:127.3;FM:;SW:},JA-a
YWHI,Whitsunday Island Airport,-20.27611,148.755,{AM:135.5;FM:;SW:},AVGAS
YAMB,RAAF Base Amberley,-27.6406,152.712006,{AM:134.6;FM:;SW:26.46},JA-a
YPTN,Tindal Airport,-14.52110004,132.378006,{AM:120.95;FM:;SW:},AVGAS
YSNW,Nowra Airport,-34.94889832,150.5370026,{AM:123.5;FM:;SW:28.04},JA-a
YPEA,RAAF Base Pearce,-31.6678009,116.0149994,{AM:118.7;FM:;SW:},JA-a;AVGAS
YBDG,Bendigo Airport,-36.73939896,144.3300018,{AM:128.15;FM:;SW:},AVGAS
YTWB,Toowoomba Airport,-27.542801,151.916,{AM:127.65;FM:;SW:},JA-a
YLLE,Ballera Airport,-27.405633,141.809458,{AM:126.7;FM:;SW:},JA-a
YGAT,Gatton Campus Airport,-27.56040607,152.3404598,{AM:121.2;FM:;SW:},JA-a
YBWX,Barrow Island Airport,-20.86440086,115.4059982,{AM:120.1;FM:;SW:},AVGAS
YDBY,Derby Airport,-17.37000084,123.6610031,{AM:126.7;FM:;SW:},JA-a
YWLG,Walgett Airport,-30.03280067,148.1260071,{AM:126.7;FM:;SW:},JA-a;AVGAS
YBTI,Bathurst Island Airport,-11.76920033,130.6199951,{AM:126.7;FM:;SW:},AVGAS
YDKI,Dunk Island Airport,-17.94169998,146.1399994,{AM:124.6;FM:;SW:},JA-a
YLZI,Lizard Island Airport,-14.673273,145.454571,{AM:126;FM:;SW:},AVGAS
YHML,Hamilton Airport,-37.64889908,142.0650024,{AM:124.2;FM:;SW:},AVGAS
YHLC,Halls Creek Airport,-18.23390007,127.6699982,{AM:126.7;FM:;SW:},JA-a
YFTZ,Fitzroy Crossing Airport,-18.18190002,125.5589981,{AM:126.7;FM:;SW:},JA-a
YNRV,Ravensthorpe Airport,-33.79719925,120.2080002,{AM:126.7;FM:;SW:},JA-a
YPSH,Penneshaw Airport,-35.75584629,137.9628754,{AM:126;FM:;SW:},AVGAS
YRED,Redcliffe Airport,-27.20669937,153.0679932,{AM:127.15;FM:;SW:},JA-a
YPID,Phillip Island Airport,-38.52330017,145.3269958,{AM:119.1;FM:;SW:},JA-a;AVGAS
YCOO,Cooinda Airport,-12.90330029,132.5319977,{AM:126.7;FM:;SW:},AVGAS
YJAB,Jabiru Airport,-12.6583004,132.8930054,{AM:126.7;FM:;SW:},JA-a
YTEF,Telfer Airport,-21.71500015,122.2289963,{AM:126.7;FM:;SW:},AVGAS
YREN,Renmark Airport,-34.19639969,140.673996,{AM:126.7;FM:;SW:},JA-a
YLEC,Leigh Creek Airport,-30.59830093,138.4259949,{AM:126.7;FM:;SW:},JA-a
YWBR,Warburton Airport,-26.12829971,126.5830002,{AM:127.1;FM:;SW:},JA-a
YCUN,Cunderdin Airport,-31.62220001,117.2170029,{AM:126.7;FM:;SW:},JA-a
YRTI,Rottnest Island Airport,-32.006699,115.540001,{AM:126;FM:;SW:},JA-a
YFRT,Forrest Airport,-30.83810043,128.1150055,{AM:132.7;FM:;SW:},JA-a
YBLT,Ballarat Airport,-37.51169968,143.7910004,{AM:126;FM:;SW:},JA-a;AVGAS
YMCO,Mallacoota Airport,-37.59830093,149.7200012,{AM:126.7;FM:;SW:},JA-a
YYND,Yuendumu Airport,-22.25419998,131.7819977,{AM:126.7;FM:;SW:},JA-a
YYRM,Yarram Airport,-38.56669998,146.7550049,{AM:126.7;FM:;SW:},JA-a;AVGAS
YWYM,Wyndham Airport,-15.51140022,128.1529999,{AM:127.4;FM:;SW:},JA-a;AVGAS
YBEE,Beverley Airport,-30.18670082,139.5579987,{AM:134.4;FM:;SW:},JA-a
YGKL,Great Keppel Is Airport,-23.18330002,150.9420013,{AM:120.7;FM:;SW:},AVGAS
YRRB,Roper Bar Airport,-14.734814,134.525485,{AM:122.4;FM:;SW:},AVGAS
YMRT,Mount Garnet Airport,-17.70000076,145.1499939,{AM:126.7;FM:;SW:},JA-a
YIFL,Innisfail Airport,-17.55940056,146.0119934,{AM:126.7;FM:;SW:},AVGAS
YOOM,Moomba Airport,-28.09939957,140.1970062,{AM:126.7;FM:;SW:},JA-a;AVGAS
YOLW,Onslow Airport,-21.66830063,115.112999,{AM:120.1;FM:;SW:},JA-a;AVGAS
YTDR,Theodore Airport,-24.99329948,150.0930023,{AM:122.3;FM:;SW:},AVGAS
YCCA,Chinchilla Airport,-26.77499962,150.6170044,{AM:126.7;FM:;SW:},JA-a
YSHT,Shepparton Airport,-36.42890167,145.3930054,{AM:122.4;FM:;SW:},JA-a
YTEM,Temora Airport,-34.42139816,147.5119934,{AM:126.15;FM:;SW:},JA-a
YGAY,Gayndah Airport,-25.61440086,151.6190033,{AM:126.7;FM:;SW:},JA-a
YWCA,Wilcannia Airport,-31.52639961,143.375,{AM:126.7;FM:;SW:},JA-a
YIVO,Ivanhoe Airport,-32.88330078,144.3099976,{AM:126.7;FM:;SW:},AVGAS
YMED,Menindee Airport,-32.36669922,142.4049988,{AM:122.6;FM:;SW:},JA-a
YPCE,Pooncarie Airport,-33.36669922,142.5879974,{AM:120.6;FM:;SW:},AVGAS
YBPI,Brampton Island Airport,-20.80330086,149.2700043,{AM:135.5;FM:;SW:},JA-a;AVGAS
YBLN,Busselton Regional Airport,-33.68842316,115.4015961,{AM:126.7;FM:;SW:},JA-a;AVGAS
YIVL,Inverell Airport,-29.88829994,151.1439972,{AM:126.7;FM:;SW:},AVGAS
YGLI,Glen Innes Airport,-29.67499924,151.6889954,{AM:126.7;FM:;SW:},JA-a;AVGAS
YCBB,Coonabarabran Airport,-31.33250046,149.2669983,{AM:126.7;FM:;SW:},JA-a
YWVA,Warnervale Airport,-33.240278,151.429722,{AM:132.1;FM:;SW:},AVGAS
YBNS,Bairnsdale Airport,-37.88750076,147.5679932,{AM:126.7;FM:;SW:},JA-a
YCWR,Cowra Airport,-33.84469986,148.6490021,{AM:126.7;FM:;SW:},JA-a;AVGAS
YCOY,Coral Bay Airport,-23.12999916,113.7770004,{AM:125.9;FM:;SW:},JA-a;AVGAS
YLIL,Lilydale Airport,-37.69169998,145.3670044,{AM:119.1;FM:;SW:},JA-a
YCMT,Clermont Airport,-22.7730999,147.6210022,{AM:126.7;FM:;SW:},JA-a
YWBL,Warrnambool Airport,-38.29529953,142.4470062,{AM:126;FM:;SW:},JA-a
YRMD,Richmond Airport,-20.70190048,143.1150055,{AM:126.7;FM:;SW:},JA-a;AVGAS
YCIN,RAAF Base Curtin,-17.58139992,123.8280029,{AM:126.7;FM:;SW:26.14},JA-a
YBUN,Bunbury Airport,-33.37829971,115.677002,{AM:126.7;FM:;SW:},AVGAS
YATN,Atherton Airport,-17.26169968,145.5149994,{AM:126.7;FM:;SW:},AVGAS
YKDI,Kadina Airport,-33.97669983,137.6600037,{AM:120.5;FM:;SW:},JA-a
YBRL,Borroloola Airport,-16.07530022,136.302002,{AM:126.7;FM:;SW:},JA-a
YPKT,Port Keats Airport,-14.25,129.529007,{AM:126.7;FM:;SW:},AVGAS
YGPT,Garden Point Airport,-11.40250015,130.4219971,{AM:126.7;FM:;SW:},AVGAS
YMBD,Murray Bridge Airport,-35.06669998,139.227005,{AM:127.5;FM:;SW:},JA-a
YHSM,Horsham Airport,-36.66970062,142.1730042,{AM:125.8;FM:;SW:},JA-a
YSWH,Swan Hill Airport,-35.37580109,143.5330048,{AM:119.1;FM:;SW:},JA-a
YDLK,Dulkaninna Airport,-29.01329994,138.4810028,{AM:121.2;FM:;SW:},AVGAS
YWMC,William Creek Airport,-28.90670013,136.3419952,{AM:120.7;FM:;SW:},JA-a
YTAM,Taroom Airport,-25.80170059,149.8999939,{AM:122.4;FM:;SW:},JA-a
YAPH,Alpha Airport,-23.646099,146.584,{AM:126.7;FM:;SW:},JA-a
YARA,Ararat Airport,-37.30939865,142.9889984,{AM:126.7;FM:;SW:},JA-a;AVGAS
YBLA,Benalla Airport,-36.55189896,146.0070038,{AM:125.6;FM:;SW:},JA-a
YBRN,Balranald Airport,-34.62360001,143.5780029,{AM:126.7;FM:;SW:},JA-a;AVGAS
YBRW,Brewarrina Airport,-29.97389984,146.8170013,{AM:126.7;FM:;SW:},JA-a;AVGAS
YCEE,Cleve Airport,-33.70970154,136.5050049,{AM:126.7;FM:;SW:},JA-a;AVGAS
YCOR,Corowa Airport,-35.99470139,146.3569946,{AM:126.7;FM:;SW:},JA-a;AVGAS
YCRG,Corryong Airport,-36.18280029,147.8880005,{AM:126.7;FM:;SW:},AVGAS
YCTM,Cootamundra Airport,-34.62390137,148.0279999,{AM:126.7;FM:;SW:},JA-a
YDBI,Dirranbandi Airport,-28.5916996,148.2169952,{AM:126.7;FM:;SW:},JA-a;AVGAS
YDLQ,Deniliquin Airport,-35.55939865,144.9459991,{AM:119;FM:;SW:},JA-a
YDYS,Dysart Airport,-22.62220001,148.3639984,{AM:126.7;FM:;SW:},AVGAS
YECH,Echuca Airport,-36.15719986,144.7619934,{AM:119.1;FM:;SW:},AVGAS
YFBS,Forbes Airport,-33.363602,147.934998,{AM:126.7;FM:;SW:},AVGAS
YGDH,Gunnedah Airport,-30.96109962,150.2510071,{AM:127.4;FM:;SW:},AVGAS
YHAY,Hay Airport,-34.53139877,144.8300018,{AM:126.7;FM:;SW:},AVGAS
YHPN,Hopetoun Airport,-35.71530151,142.3600006,{AM:126.7;FM:;SW:},JA-a;AVGAS
YKER,Kerang Airport,-35.75139999,143.9389954,{AM:126.7;FM:;SW:},JA-a
YKMP,Kempsey Airport,-31.07439995,152.7700043,{AM:118.9;FM:;SW:},JA-a
YKRY,Kingaroy Airport,-26.5807991,151.8410034,{AM:127.45;FM:;SW:},JA-a
YLTV,Latrobe Valley Airport,-38.207199,146.470001,{AM:126;FM:;SW:},JA-a;AVGAS
YMBA,Mareeba Airport,-17.06920052,145.4190063,{AM:126.7;FM:;SW:},JA-a;AVGAS
YNGU,Ngukurr Airport,-14.72280025,134.746994,{AM:126.7;FM:;SW:},JA-a;AVGAS
YNRM,Narromine Airport,-32.21469879,148.2250061,{AM:126.7;FM:;SW:},JA-a;AVGAS
YPIR,Port Pirie Airport,-33.23889923,137.9949951,{AM:126.7;FM:;SW:},AVGAS
YSMI,Smithton Airport,-40.83499908,145.0839996,{AM:119.1;FM:;SW:},AVGAS
YSWL,Stawell Airport,-37.07170105,142.7409973,{AM:119.1;FM:;SW:},JA-a;AVGAS
YTIB,Tibooburra Airport,-29.4510994,142.0579987,{AM:126.7;FM:;SW:},JA-a;AVGAS
YTMU,Tumut Airport,-35.26279831,148.2409973,{AM:126.7;FM:;SW:},JA-a
YWGT,Wangaratta Airport,-36.41579819,146.3070068,{AM:119.1;FM:;SW:},JA-a
YWKB,Warracknabeal Airport,-36.32109833,142.4190063,{AM:126.7;FM:;SW:},JA-a
YWRN,Warren Airport,-31.73329926,147.8029938,{AM:126.7;FM:;SW:},JA-a
YWSL,West Sale Airport,-38.090827,146.965335,{AM:123.3;FM:;SW:},JA-a;AVGAS
YWWL,West Wyalong Airport,-33.93719864,147.1909943,{AM:126.7;FM:;SW:},AVGAS
YYNG,Young Airport,-34.25559998,148.2480011,{AM:126.7;FM:;SW:},AVGAS
YHMB,Hermannsburg Airport,-23.93000031,132.8049927,{AM:123.9;FM:;SW:},JA-a
YMDV,Mount Davies Airport,-26.16670036,129.1329956,{AM:121.85;FM:;SW:},AVGAS
YARN,Areyonga Airport,-24.06669998,132.2669983,{AM:134.4;FM:;SW:},JA-a;AVGAS
YMNA,Mount Allan Airport,-22.27499962,132.2169952,{AM:124.8;FM:;SW:},JA-a
YEVP,Everard Park Airport,-27.01670074,132.7169952,{AM:120.7;FM:;SW:},AVGAS
YWBI,Warrabri Airport,-21,134.3970032,{AM:122.1;FM:;SW:},AVGAS
YAMJ,Ampilatwatja Airport,-21.65500069,135.2299957,{AM:120.5;FM:;SW:},AVGAS
YKCS,Kings Creek Airport,-24.42329979,131.8350067,{AM:121.85;FM:;SW:},JA-a;AVGAS
YHTS,Harts Range Airport,-22.98500061,134.9179993,{AM:119.8;FM:;SW:},JA-a
YELL,Elliott Airport,-17.52742958,133.529892,{AM:118.1;FM:;SW:},JA-a
YPAY,Papunya Airport,-23.24670029,131.9029999,{AM:125.4;FM:;SW:},JA-a;AVGAS
YFRG,Fregon Airport,-26.77499962,132.0169983,{AM:123.9;FM:;SW:},JA-a;AVGAS
YLBG,Mount Liebig Airport,-23.24329948,131.2599945,{AM:118.4;FM:;SW:},AVGAS
YGDI,Goondiwindi Airport,-28.52140045,150.3200073,{AM:126.7;FM:;SW:},JA-a
YDVR,Docker River Airport,-24.86000061,129.0700073,{AM:125;FM:;SW:},JA-a
YTIT,Ti Tree Airport,-22.13170052,133.4199982,{AM:119.8;FM:;SW:},JA-a
YKNT,Kintore Airport,-23.26499939,129.3869934,{AM:120.5;FM:;SW:},JA-a
YUTP,Utopia Airport,-22.05500031,134.7899933,{AM:119.8;FM:;SW:},JA-a
YNRR,Nyrripi Airport,-22.64529991,130.5650024,{AM:121.85;FM:;SW:},JA-a;AVGAS
YERL,Erldunda Airport,-25.2057991,133.2539978,{AM:127.1;FM:;SW:},JA-a
YNYP,Nypari Airport,-26.20000076,130.2330017,{AM:121.85;FM:;SW:},JA-a;AVGAS
YBWN,Bowen Airport,-20.0182991,148.2149963,{AM:126.7;FM:;SW:},JA-a;AVGAS
YCNQ,Coonawarra Airport,-37.28329849,140.8000031,{AM:122.1;FM:;SW:},AVGAS
YNRC,Naracoorte Airport,-36.98529816,140.7250061,{AM:126.7;FM:;SW:},JA-a
YCDR,Caloundra Airport,-26.79999924,153.1000061,{AM:118.8;FM:;SW:},JA-a
YCKI,Croker Island Airport,-11.16499996,132.4830017,{AM:126.7;FM:;SW:},JA-a;AVGAS
YTGT,The Granites Airport,-20.54829979,130.3470001,{AM:132.1;FM:;SW:},JA-a
YBRY,Barimunya Airport,-22.6739006,119.1660004,{AM:126.7;FM:;SW:},JA-a;AVGAS
YNKA,Noonkanbah Airport,-18.49469948,124.8519974,{AM:119.8;FM:;SW:},JA-a;AVGAS
YUMU,Umuwa Airport,-26.48670006,132.0399933,{AM:125.7;FM:;SW:},AVGAS
YKID,Kidston Airport,-18.87000084,144.1730042,{AM:119.8;FM:;SW:},JA-a
YMNG,Mangalore Airport,-36.88830185,145.1840057,{AM:121.1;FM:;SW:},AVGAS
LOAN,Wiener Neustadt East Airport,47.84329987,16.26009941,{AM:122.65;FM:;SW:},AVGAS
LOLW,Wels Airport,48.18330002,14.04090023,{AM:119.7;FM:;SW:},JA-a
LOWG,Graz Airport,46.99110031,15.43959999,{AM:119.3;FM:;SW:},AVGAS
LOWI,Innsbruck Airport,47.260201,11.344,{AM:119.275;FM:;SW:},AVGAS
LOWS,Salzburg Airport,47.79330063,13.00430012,{AM:123.725;FM:;SW:},JA-a;AVGAS
LOWW,Vienna International Airport,48.11029816,16.56970024,{AM:134.675;FM:;SW:},JA-a
LOXZ,Hinterstoisser Air Base,47.202801,14.7442,{AM:129.475;FM:;SW:},AVGAS
LOWK,Klagenfurt Airport,46.642502,14.3377,{AM:126.825;FM:;SW:},AVGAS
LOIH,Hohenems-Dornbirn Airport,47.38499832,9.699999809,{AM:121.2;FM:;SW:},JA-a
LOAG,Krems Airport,48.446389,15.634167,{AM:122.7;FM:;SW:},AVGAS
LOIJ,St. Johann In Tirol Airport,47.5201,12.4497,{AM:120.35;FM:;SW:},AVGAS
UBBB,Heydar Aliyev International Airport,40.46749878,50.04669952,{AM:129.3;FM:;SW:},JA-a
UBBG,Ganja Airport,40.73770142,46.31760025,{AM:124;FM:;SW:},AVGAS
UBBN,Nakhchivan Airport,39.18880081,45.45840073,{AM:127.9;FM:;SW:},JA-a;AVGAS
MYAF,Andros Town Airport,24.69790077,-77.79560089,{AM:126.3;FM:;SW:},JA-a
MYAM,Leonard M Thompson International Airport,26.5114,-77.083503,{AM:126.5;FM:;SW:},JA-a
MYAN,San Andros Airport,25.05380058,-78.0490036,{AM:122.8;FM:;SW:},JA-a
MYAT,Treasure Cay Airport,26.74530029,-77.39129639,{AM:121;FM:;SW:},AVGAS
MYBC,Chub Cay Airport,25.41710091,-77.88089752,{AM:122.8;FM:;SW:},JA-a
MYBG,Great Harbour Cay Airport,25.7383,-77.840103,{AM:122.8;FM:;SW:},JA-a
MYBS,South Bimini Airport,25.69989967,-79.26470184,{AM:124.2;FM:;SW:},AVGAS
MYEF,Exuma International Airport,23.56259918,-75.87799835,{AM:118;FM:;SW:},JA-a;AVGAS
MYEG,George Town Airport,23.4666996,-75.78170013,{AM:134.775;FM:;SW:},AVGAS
MYEH,North Eleuthera Airport,25.47489929,-76.6835022,{AM:124.1;FM:;SW:},AVGAS
MYEM,Governor's Harbour Airport,25.28470039,-76.33100128,{AM:122.8;FM:;SW:},AVGAS
MYEN,Normans Cay Airport,24.59429932,-76.82019806,{AM:122.8;FM:;SW:},AVGAS
MYER,Rock Sound Airport,24.89507873,-76.17688179,{AM:122.8;FM:;SW:},JA-a
MYES,Staniel Cay Airport,24.16909981,-76.43910217,{AM:122.8;FM:;SW:},AVGAS
MYGF,Grand Bahama International Airport,26.55870056,-78.69560242,{AM:126.5;FM:;SW:},JA-a
MYIG,Inagua Airport,20.97500038,-73.66690063,{AM:124.2;FM:;SW:},AVGAS
MYLS,Stella Maris Airport,23.582317,-75.268621,{AM:122.8;FM:;SW:},JA-a
MYNN,Lynden Pindling International Airport,25.03899956,-77.46620178,{AM:121;FM:;SW:},JA-a
MYRP,Rum Cay Airport,23.68440056,-74.8361969,{AM:122.8;FM:;SW:},JA-a
MYSM,San Salvador Airport,24.06329918,-74.52400208,{AM:124.6;FM:;SW:},AVGAS
MYAK,Congo Town Airport,24.158701,-77.589798,{AM:122.8;FM:;SW:},JA-a
OBBI,Bahrain International Airport,26.27079964,50.63359833,{AM:127.85;FM:;SW:},JA-a
OBBS,Sheik Isa Air Base,25.91839981,50.59059906,{AM:124.95;FM:;SW:},JA-a;AVGAS
VGCB,Cox's Bazar Airport,21.45219994,91.96389771,{AM:122.9;FM:;SW:},JA-a;AVGAS
VGEG,Shah Amanat International Airport,22.24959946,91.81330109,{AM:127.6;FM:;SW:},JA-a;AVGAS
VGIS,Ishurdi Airport,24.15250015,89.04940033,{AM:122.9;FM:;SW:},JA-a
VGJR,Jessore Airport,23.18379974,89.16079712,{AM:123.2;FM:;SW:},AVGAS
VGRJ,Shah Mokhdum Airport,24.43720055,88.61650085,{AM:122.9;FM:;SW:},JA-a;AVGAS
VGSD,Saidpur Airport,25.75919914,88.9088974,{AM:122.9;FM:;SW:},JA-a;AVGAS
VGSY,Osmany International Airport,24.96319962,91.8667984,{AM:122.9;FM:;SW:},AVGAS
VGTJ,Tejgaon Airport,23.77879906,90.38269806,{AM:123;FM:;SW:},AVGAS
VGBR,Barisal Airport,22.8010006,90.30120087,{AM:122.9;FM:;SW:},JA-a;AVGAS
TBPB,Sir Grantley Adams International Airport,13.07460022,-59.49250031,{AM:129.35;FM:;SW:},AVGAS
UMGG,Gomel Airport,52.52700043,31.01670074,{AM:126.1;FM:;SW:},JA-a
UMII,Vitebsk Vostochny Airport,55.12649918,30.34959984,{AM:120.4;FM:;SW:},JA-a;AVGAS
UMMM,Minsk 1 Airport,53.86449814,27.53969955,{AM:118.4;FM:;SW:},JA-a
UMMS,Minsk National Airport,53.88249969,28.03070068,{AM:125.9;FM:;SW:},JA-a
UMMG,Hrodna Airport,53.60200119,24.05380058,{AM:134.5;FM:;SW:},JA-a
UMOO,Mogilev Airport,53.95489883,30.0951004,{AM:127.1;FM:;SW:},JA-a;AVGAS
UMBB,Brest Airport,52.108299,23.8981,{AM:127.7;FM:;SW:},JA-a;AVGAS
EBAW,Antwerp International Airport (Deurne),51.18939972,4.460279942,{AM:118.255;FM:;SW:},JA-a
EBBE,Beauvechain Air Base,50.75859833,4.768330097,{AM:122.5;FM:;SW:},JA-a
EBBL,Kleine Brogel Air Base,51.168301,5.47,{AM:134.48;FM:;SW:},JA-a;AVGAS
EBBR,Brussels Airport,50.90140152,4.48443985,{AM:118.255;FM:;SW:},JA-a
EBCI,Brussels South Charleroi Airport,50.459202,4.45382,{AM:133.125;FM:;SW:},JA-a
EBFN,Koksijde Air Base,51.09030151,2.652780056,{AM:122.5;FM:;SW:},JA-a
EBFS,Florennes Air Base,50.24330139,4.645830154,{AM:122.5;FM:;SW:},JA-a
EBKT,Wevelgem Airport,50.81719971,3.20472002,{AM:120.25;FM:;SW:},JA-a
EBOS,Ostend-Bruges International Airport,51.19889832,2.862220049,{AM:120.6;FM:;SW:},JA-a
EBST,Brustem Airfield Sint Truiden,50.791901,5.20167,{AM:119.98;FM:;SW:},JA-a
EBUL,Ursel Air Base,51.14419937,3.47555995,{AM:135.13;FM:;SW:},JA-a;AVGAS
EBWE,Weelde Air Base,51.39479828,4.960189819,{AM:120.225;FM:;SW:},AVGAS
EBZR,Zoersel (Oostmalle) Airfield,51.264702,4.75333,{AM:123.805;FM:;SW:},AVGAS
EBTN,Goetsenhoven Air Base,50.78170013,4.957779884,{AM:125.375;FM:;SW:},JA-a;AVGAS
EBZH,Kiewit Airfield Hasselt,50.970001,5.37507,{AM:118.33;FM:;SW:},JA-a;AVGAS
MZBZ,Philip S. W. Goldson International Airport,17.53910065,-88.30819702,{AM:121;FM:;SW:},JA-a
PABV,Birchwood Airport,61.41650009,-149.5070038,{AM:135.55;FM:;SW:},JA-a;AVGAS
DBBB,Cadjehoun Airport,6.357230186,2.384350061,{AM:125.9;FM:;SW:},JA-a
TXKF,L.F. Wade International International Airport,32.36399841,-64.67870331,{AM:119.1;FM:;SW:},AVGAS
SLBJ,Bermejo Airport,-22.77330017,-64.31289673,{AM:118.1;FM:;SW:},JA-a
SLCB,Jorge Wilsterman International Airport,-17.42110062,-66.17710114,{AM:119.3;FM:;SW:},AVGAS
SLLP,El Alto International Airport,-16.51329994,-68.19229889,{AM:119.5;FM:;SW:},AVGAS
SLOR,Juan Mendoza Airport,-17.96260071,-67.07620239,{AM:118.5;FM:;SW:},JA-a
SLPO,Capitan Nicolas Rojas Airport,-19.54310036,-65.72370148,{AM:118.3;FM:;SW:},JA-a;AVGAS
SLSA,Santa Ana Del Yacuma Airport,-13.76220036,-65.43520355,{AM:118.3;FM:;SW:},AVGAS
SLSU,Juana Azurduy De Padilla Airport,-19.00709915,-65.28869629,{AM:119.1;FM:;SW:},JA-a;AVGAS
SLTJ,Capitan Oriel Lea Plaza Airport,-21.5557003,-64.70130157,{AM:119.4;FM:;SW:},JA-a
SLTR,Teniente Av. Jorge Henrich Arauz Airport,-14.81869984,-64.91799927,{AM:119.1;FM:;SW:},JA-a
SLVR,Viru Viru International Airport,-17.6448,-63.135399,{AM:119.7;FM:;SW:},JA-a
SLYA,Yacuiba Airport,-21.96089935,-63.65169907,{AM:118.3;FM:;SW:},JA-a
SLET,El Trompillo Airport,-17.81159973,-63.17150116,{AM:119.7;FM:;SW:},JA-a
LQMO,Mostar International Airport,43.28290176,17.84589958,{AM:122.7;FM:;SW:},AVGAS
LQSA,Sarajevo International Airport,43.82460022,18.3314991,{AM:136.45;FM:;SW:},JA-a;AVGAS
LQBK,Banja Luka International Airport,44.94139862,17.29750061,{AM:118.95;FM:;SW:},JA-a
LQTZ,Tuzla International Airport,44.45869827,18.72480011,{AM:125.8;FM:;SW:25.892},JA-a
FBJW,Jwaneng Airport,-24.60230064,24.69099998,{AM:131;FM:;SW:},JA-a
FBKE,Kasane Airport,-17.83289909,25.16239929,{AM:127.2;FM:;SW:},AVGAS
FBMN,Maun Airport,-19.97260094,23.43110085,{AM:118.7;FM:;SW:},JA-a
FBSK,Sir Seretse Khama International Airport,-24.555201,25.9182,{AM:128.2;FM:;SW:},JA-a
FBSP,Selebi Phikwe Airport,-22.0583,27.8288,{AM:118.7;FM:;SW:},AVGAS
SBAQ,Araraquara Airport,-21.81200027,-48.13299942,{AM:131.6;FM:;SW:},AVGAS
SBAR,Santa Maria Airport,-10.98400021,-37.07030106,{AM:120.3;FM:;SW:},JA-a
SBAT,Piloto Osvaldo Marques Dias Airport,-9.866389275,-56.10499954,{AM:126.6;FM:;SW:},AVGAS
SBBG,Comandante Gustavo Kraemer Airport,-31.39049911,-54.11220169,{AM:125.85;FM:;SW:},JA-a
SBBH,Pampulha - Carlos Drummond de Andrade Airport,-19.8512001,-43.95059967,{AM:120.2;FM:;SW:},JA-a
SBBI,Bacacheri Airport,-25.40509987,-49.23199844,{AM:119.95;FM:;SW:},JA-a
SBBQ,Major Brigadeiro Doorgal Borges Airport,-21.2672,-43.761101,{AM:125.9;FM:;SW:},JA-a;AVGAS
SBBR,Presidente Juscelino Kubistschek International Airport,-15.86916733,-47.92083359,{AM:119.2;FM:;SW:},JA-a;AVGAS
SBBU,Bauru Airport,-22.34499931,-49.05379868,{AM:121.3;FM:;SW:},JA-a
SBBV,Atlas Brasil Cantanhede Airport,2.841388941,-60.6922226,{AM:120.1;FM:;SW:},JA-a
SBCA,Cascavel Airport,-25.00029945,-53.50080109,{AM:131.85;FM:;SW:},AVGAS
SBCC,Cachimbo Airport,-9.333939552,-54.9654007,{AM:125.9;FM:;SW:},JA-a
SBCF,Tancredo Neves International Airport,-19.62444305,-43.9719429,{AM:120.2;FM:;SW:},JA-a
SBCG,Campo Grande Airport,-20.46870041,-54.67250061,{AM:120.2;FM:;SW:},JA-a
SBCH,Serafin Enoss Bertaso Airport,-27.13419914,-52.65660095,{AM:130.85;FM:;SW:},JA-a;AVGAS
SBCI,Brig. Lysias Augusto Rodrigues Airport,-7.320439816,-47.45869827,{AM:126.6;FM:;SW:},JA-a;AVGAS
SBCO,Canoas Air Force Base,-29.945928,-51.144413,{AM:119;FM:;SW:},AVGAS
SBCP,Bartolomeu Lisandro Airport,-21.69829941,-41.30170059,{AM:125.7;FM:;SW:},AVGAS
SBCT,Afonso Pena Airport,-25.5284996,-49.17580032,{AM:119.95;FM:;SW:},AVGAS
SBCX,Hugo Cantergiani Regional Airport,-29.19709969,-51.1875,{AM:131.6;FM:;SW:},JA-a
SBCY,Marechal Rondon Airport,-15.65289974,-56.11669922,{AM:119.4;FM:;SW:},AVGAS
SBCZ,Cruzeiro do Sul Airport,-7.599909782,-72.76950073,{AM:125.7;FM:;SW:},JA-a;AVGAS
SBDN,Presidente Prudente Airport,-22.17510033,-51.42459869,{AM:118.45;FM:;SW:},JA-a;AVGAS
SBEG,Eduardo Gomes International Airport,-3.038609982,-60.04970169,{AM:119.7;FM:;SW:},JA-a
SBEK,Jacareacanga Airport,-6.233160019,-57.77690125,{AM:125.9;FM:;SW:},AVGAS
SBFI,Cataratas International Airport,-25.60027885,-54.48500061,{AM:119.15;FM:;SW:},AVGAS
SBFN,Fernando de Noronha Airport,-3.85493,-32.423302,{AM:125.9;FM:;SW:},JA-a
SBFZ,Pinto Martins International Airport,-3.776279926,-38.5326004,{AM:133;FM:;SW:},JA-a
SBGO,Santa Genoveva Airport,-16.63199997,-49.22069931,{AM:127.675;FM:;SW:},AVGAS
SBHT,Altamira Airport,-3.253910065,-52.25400162,{AM:125.85;FM:;SW:},JA-a;AVGAS
SBIC,Itacoatiara Airport,-3.12725997,-58.48120117,{AM:126.6;FM:;SW:},JA-a
SBIH,Itaituba Airport,-4.242340088,-56.0007019,{AM:118.4;FM:;SW:},JA-a
SBIL,Bahia - Jorge Amado Airport,-14.81599998,-39.03319931,{AM:120.1;FM:;SW:},JA-a;AVGAS
SBIP,Usiminas Airport,-19.47069931,-42.48759842,{AM:130;FM:;SW:},JA-a;AVGAS
SBIT,Francisco Vilela do Amaral Airport,-18.44470024,-49.21340179,{AM:130.3;FM:;SW:},JA-a
SBIZ,Prefeito Renato Moreira Airport,-5.53129,-47.459999,{AM:125.85;FM:;SW:},AVGAS
SBJF,Francisco de Assis Airport,-21.79150009,-43.38679886,{AM:128.1;FM:;SW:},JA-a
SBJP,Presidente Castro Pinto International Airport,-7.145833015,-34.94861221,{AM:118.3;FM:;SW:},JA-a
SBJV,Lauro Carneiro de Loyola Airport,-26.22450066,-48.79740143,{AM:118;FM:;SW:},JA-a
SBKP,Viracopos International Airport,-23.00740051,-47.1344986,{AM:121.4;FM:;SW:},JA-a;AVGAS
SBLJ,Lages Airport,-27.78210068,-50.28150177,{AM:132.15;FM:;SW:},JA-a
SBLP,Bom Jesus da Lapa Airport,-13.26210022,-43.40810013,{AM:125.9;FM:;SW:},JA-a;AVGAS
SBLS,Lagoa Santa Airport,-19.66160011,-43.89640045,{AM:122.8;FM:;SW:},JA-a
SBMD,Monte Dourado Airport,-0.889839,-52.6022,{AM:125.7;FM:;SW:},JA-a
SBMN,Ponta Pelada Airport,-3.146039963,-59.98630142,{AM:119.7;FM:;SW:},JA-a;AVGAS
SBMO,Zumbi dos Palmares Airport,-9.510809898,-35.79169846,{AM:119.25;FM:;SW:},JA-a
SBMQ,Alberto Alcolumbre Airport,0.050664,-51.07220078,{AM:119;FM:;SW:},JA-a
SBMS,Dix-Sept Rosado Airport,-5.201920032,-37.36429977,{AM:125.9;FM:;SW:},AVGAS
SBMT,Campo de Marte Airport,-23.50909996,-46.63779831,{AM:119.8;FM:;SW:},JA-a;AVGAS
SBNF,Ministro Victor Konder International Airport,-26.879999,-48.651402,{AM:119.5;FM:;SW:},JA-a
SBOI,Oiapoque Airport,3.855489969,-51.7969017,{AM:125.9;FM:;SW:},JA-a
SBPA,Salgado Filho Airport,-29.99440002,-51.17139816,{AM:119;FM:;SW:},JA-a
SBPF,Lauro Kurtz Airport,-28.243999,-52.326599,{AM:131.25;FM:;SW:},JA-a;AVGAS
SBPL,Senador Nilo Coelho Airport,-9.362409592,-40.56909943,{AM:125.7;FM:;SW:},JA-a
SBPV,Governador Jorge Teixeira de Oliveira Airport,-8.709289551,-63.90230179,{AM:119.1;FM:;SW:},AVGAS
SBRF,Guararapes - Gilberto Freyre International Airport,-8.126489639,-34.92359924,{AM:119.1;FM:;SW:},JA-a;AVGAS
SBRJ,Santos Dumont Airport,-22.91049957,-43.1631012,{AM:119.35;FM:;SW:},JA-a
SBRP,Leite Lopes Airport,-21.13638878,-47.77666855,{AM:118;FM:;SW:},AVGAS
SBSC,Santa Cruz Air Force Base,-22.9324,-43.719101,{AM:132.5;FM:;SW:},JA-a
SBSJ,Professor Urbano Ernesto Stumpf Airport,-23.22920036,-45.86149979,{AM:119.25;FM:;SW:},JA-a;AVGAS
SBSL,Marechal Cunha Machado International Airport,-2.58536005,-44.23410034,{AM:119.1;FM:;SW:},JA-a
SBSP,Congonhas Airport,-23.62611008,-46.65638733,{AM:119.8;FM:;SW:},JA-a;AVGAS
SBSR,Prof. Eribelto Manoel Reino State Airport,-20.8166008,-49.40650177,{AM:130.85;FM:;SW:},JA-a
SBTB,Trombetas Airport,-1.489599943,-56.39680099,{AM:131.6;FM:;SW:},JA-a
SBTT,Tabatinga Airport,-4.255670071,-69.93579865,{AM:125.9;FM:;SW:},JA-a
SBUF,Paulo Afonso Airport,-9.40087986,-38.25059891,{AM:125.5;FM:;SW:},JA-a
SBUG,Rubem Berta Airport,-29.78219986,-57.03820038,{AM:118.1;FM:;SW:},AVGAS
SBVG,Major Brigadeiro Trompowsky Airport,-21.59009933,-45.47330093,{AM:131.85;FM:;SW:},JA-a;AVGAS
SBVT,Eurico de Aguiar Salles Airport,-20.258057,-40.286388,{AM:119.85;FM:;SW:},JA-a;AVGAS
SBYS,Campo Fontenelle Airport,-21.98460007,-47.33480072,{AM:120.1;FM:;SW:},JA-a
SBSN,Maestro Wilson Fonseca Airport,-2.424721956,-54.78583145,{AM:119.3;FM:;SW:},JA-a;AVGAS
SBPS,Porto Seguro Airport,-16.438601,-39.080898,{AM:118.2;FM:;SW:},JA-a;AVGAS
SBPJ,Brigadeiro Lysias Rodrigues Airport,-10.29150009,-48.35699844,{AM:119;FM:;SW:},JA-a
SBJU,Orlando Bezerra de Menezes Airport,-7.218959808,-39.27009964,{AM:131.75;FM:;SW:},AVGAS
SBTD,Toledo Airport,-24.6863,-53.697498,{AM:131.05;FM:;SW:},JA-a;AVGAS
SDCO,Sorocaba Airport,-23.478001,-47.490002,{AM:125.675;FM:;SW:},JA-a
SBGV,Coronel Altino Machado de Oliveira Airport,-18.89520073,-41.98220062,{AM:132.05;FM:;SW:},JA-a
SDAM,Amarais Airport,-22.85919952,-47.10820007,{AM:125.775;FM:;SW:},JA-a
SBCB,Cabo Frio Airport,-22.92169952,-42.07429886,{AM:132.15;FM:;SW:},AVGAS
SBAX,Romeu Zema Airport,-19.5632,-46.96039963,{AM:130.35;FM:;SW:},JA-a
SDAI,Americana Airport,-22.75580025,-47.26940155,{AM:135.02;FM:;SW:},AVGAS
SBNT,Augusto Severo Airport,-5.911419868,-35.24769974,{AM:119.3;FM:;SW:},JA-a
FJDG,Diego Garcia Naval Support Facility,-7.31327,72.411102,{AM:134.1;FM:;SW:28.2},JA-a
TUPJ,Terrance B. Lettsome International Airport,18.44479942,-64.54299927,{AM:121.9;FM:;SW:},JA-a
WBSB,Brunei International Airport,4.944200039,114.9280014,{AM:121.3;FM:;SW:},AVGAS
LBBG,Burgas Airport,42.56959915,27.51519966,{AM:125.1;FM:;SW:},JA-a;AVGAS
LBGO,Gorna Oryahovitsa Airport,43.15140152,25.71290016,{AM:119.7;FM:;SW:},JA-a;AVGAS
LBPD,Plovdiv International Airport,42.067799,24.8508,{AM:119.6;FM:;SW:},JA-a;AVGAS
LBSF,Sofia Airport,42.69669342,23.41143608,{AM:123.7;FM:;SW:},JA-a;AVGAS
LBWN,Varna Airport,43.232101,27.8251,{AM:121;FM:;SW:},JA-a
LBHT,Ihtiman Airfield,42.42189,23.767221,{AM:119.25;FM:;SW:},JA-a;AVGAS
DFFD,Ouagadougou Airport,12.3532,-1.51242,{AM:120.3;FM:;SW:},JA-a;AVGAS
DFOO,Bobo Dioulasso Airport,11.16009998,-4.33096981,{AM:119.7;FM:;SW:},JA-a
VYAN,Ann Airport,19.769199,94.0261,{AM:118.7;FM:;SW:},JA-a
VYBG,Bagan Airport,21.17880058,94.93019867,{AM:119.7;FM:;SW:},AVGAS
VYHH,Heho Airport,20.74699974,96.79199982,{AM:119.7;FM:;SW:},JA-a
VYKG,Kengtung Airport,21.3015995,99.63600159,{AM:118.7;FM:;SW:},JA-a
VYKP,Kyaukpyu Airport,19.42639923,93.53479767,{AM:118.7;FM:;SW:},JA-a;AVGAS
VYLS,Lashio Airport,22.97789955,97.75219727,{AM:118.7;FM:;SW:},JA-a
VYMD,Mandalay International Airport,21.70219994,95.97789764,{AM:119.2;FM:;SW:},JA-a;AVGAS
VYME,Myeik Airport,12.43980026,98.62149811,{AM:119.7;FM:;SW:},JA-a;AVGAS
VYMK,Myitkyina Airport,25.38360023,97.35189819,{AM:119.7;FM:;SW:},JA-a
VYMO,Momeik Airport,23.09250069,96.64530182,{AM:118.7;FM:;SW:},JA-a
VYMS,Mong Hsat Airport,20.51679993,99.25679779,{AM:118.7;FM:;SW:},JA-a;AVGAS
VYNP,Nampong Air Base,25.35440063,97.29519653,{AM:119.7;FM:;SW:},JA-a
VYNS,Namsang Airport,20.89049911,97.73590088,{AM:118.7;FM:;SW:},AVGAS
VYPA,Hpa-N Airport,16.89369965,97.67459869,{AM:118.7;FM:;SW:},JA-a
VYPT,Putao Airport,27.32990074,97.42630005,{AM:118.7;FM:;SW:},JA-a;AVGAS
VYST,Shante Air Base,20.94169998,95.91449738,{AM:119.7;FM:;SW:},JA-a;AVGAS
VYSW,Sittwe Airport,20.13269997,92.87259674,{AM:119.7;FM:;SW:},JA-a;AVGAS
VYTD,Thandwe Airport,18.46069908,94.30010223,{AM:118.7;FM:;SW:},AVGAS
VYTL,Tachileik Airport,20.48380089,99.93540192,{AM:118.7;FM:;SW:},JA-a;AVGAS
VYTO,Taungoo Airport,19.03129959,96.40119934,{AM:119.7;FM:;SW:},AVGAS
VYYY,Yangon International Airport,16.90730095,96.1332016,{AM:119.7;FM:;SW:},AVGAS
VYBM,Banmaw Airport,24.2689991,97.24620056,{AM:118.7;FM:;SW:},JA-a
VYDW,Dawei Airport,14.10389996,98.20359802,{AM:119.7;FM:;SW:},JA-a
VYKT,Kawthoung Airport,10.04930019,98.53800201,{AM:118.7;FM:;SW:},AVGAS
VYLK,Loikaw Airport,19.69149971,97.21479797,{AM:118.7;FM:;SW:},AVGAS
VYMM,Mawlamyine Airport,16.44470024,97.66069794,{AM:118.7;FM:;SW:},JA-a
VYPN,Pathein Airport,16.815201,94.7799,{AM:118.7;FM:;SW:},JA-a
VYNT,Namtu Airport,23.083,97.383003,{AM:118.7;FM:;SW:},AVGAS
HBBA,Bujumbura International Airport,-3.324019909,29.31850052,{AM:119.7;FM:;SW:},JA-a
VDKH,Kampong Chhnang Airport,12.25520039,104.564003,{AM:129.7;FM:;SW:},JA-a
VDPP,Phnom Penh International Airport,11.54660034,104.8440018,{AM:127.5;FM:;SW:},JA-a
VDSR,Siem Reap International Airport,13.41069984,103.8130035,{AM:124.3;FM:;SW:},AVGAS
VDST,Stung Treng Airport,13.53190041,106.0149994,{AM:122.8;FM:;SW:},AVGAS
VDSV,Sihanoukville International Airport,10.57970047,103.637001,{AM:124;FM:;SW:},AVGAS
VDBG,Battambang Airport,13.09560013,103.223999,{AM:122.4;FM:;SW:},JA-a
FKKC,Tiko Airport,4.089190006,9.3605299,{AM:118.9;FM:;SW:},AVGAS
FKKD,Douala International Airport,4.006080151,9.719479561,{AM:119.7;FM:;SW:},JA-a
FKKL,Salak Airport,10.4513998,14.25739956,{AM:118.9;FM:;SW:},JA-a
FKKM,Foumban Nkounja Airport,5.636919975,10.75080013,{AM:118.7;FM:;SW:},AVGAS
FKKR,Garoua International Airport,9.335889816,13.37010002,{AM:118.3;FM:;SW:},JA-a;AVGAS
FKKU,Bafoussam Airport,5.536920071,10.35459995,{AM:118.5;FM:;SW:},AVGAS
FKKV,Bamenda Airport,6.039239883,10.1225996,{AM:118.3;FM:;SW:},JA-a
CYAM,Sault Ste Marie Airport,46.48500061,-84.50939941,{AM:118.8;FM:;SW:},JA-a
CYAV,Winnipeg / St. Andrews Airport,50.0564003,-97.03250122,{AM:118.5;FM:;SW:},AVGAS
CYAW,Halifax / CFB Shearwater Heliport,44.639702,-63.499401,{AM:119.2;FM:;SW:},JA-a;AVGAS
CYAY,St. Anthony Airport,51.39189911,-56.08309937,{AM:122.3;FM:;SW:},JA-a;AVGAS
CYAZ,Tofino / Long Beach Airport,49.079833,-125.775583,{AM:132.9;FM:;SW:},JA-a
CYBB,Kugaaruk Airport,68.534401,-89.808098,{AM:122.1;FM:;SW:},JA-a
CYBC,Baie Comeau Airport,49.13249969,-68.20439911,{AM:134.65;FM:;SW:},AVGAS
CYBG,CFB Bagotville,48.33060074,-70.99639893,{AM:127.2;FM:;SW:26.46},JA-a
CYBK,Baker Lake Airport,64.29889679,-96.07779694,{AM:122.1;FM:;SW:},JA-a;AVGAS
CYBL,Campbell River Airport,49.95080185,-125.2710037,{AM:123.7;FM:;SW:},JA-a
CYBR,Brandon Municipal Airport,49.91,-99.951897,{AM:122.1;FM:;SW:},AVGAS
CYCB,Cambridge Bay Airport,69.10810089,-105.1380005,{AM:126.7;FM:;SW:22.89},AVGAS
CYCD,Nanaimo Airport,49.05497022,-123.8698626,{AM:133.95;FM:;SW:},JA-a
CYCG,Castlegar/West Kootenay Regional Airport,49.29639816,-117.6320038,{AM:122.1;FM:;SW:},JA-a
CYCH,Miramichi Airport,47.007801,-65.449203,{AM:123.7;FM:;SW:},AVGAS
CYCL,Charlo Airport,47.990799,-66.330299,{AM:122.2;FM:;SW:},JA-a
CYCO,Kugluktuk Airport,67.816704,-115.143997,{AM:122.1;FM:;SW:},JA-a
CYCT,Coronation Airport,52.07500076,-111.4449997,{AM:122.8;FM:;SW:},AVGAS
CYCW,Chilliwack Airport,49.15280151,-121.939003,{AM:122.7;FM:;SW:},JA-a
CYCY,Clyde River Airport,70.48609924,-68.51670074,{AM:122.1;FM:;SW:},JA-a
CYZS,Coral Harbour Airport,64.19329834,-83.35939789,{AM:122.1;FM:;SW:},JA-a
CYDA,Dawson City Airport,64.04309845,-139.128006,{AM:122.1;FM:;SW:},JA-a;AVGAS
CYDB,Burwash Airport,61.37110138,-139.0410004,{AM:122.1;FM:;SW:},JA-a
CYDC,Princeton Airport,49.4681015,-120.5110016,{AM:123.2;FM:;SW:},JA-a
CYDF,Deer Lake Airport,49.21080017,-57.39139938,{AM:134.6;FM:;SW:},JA-a
CYDL,Dease Lake Airport,58.42219925,-130.0319977,{AM:123.2;FM:;SW:},JA-a
CYDN,Dauphin Barker Airport,51.10079956,-100.052002,{AM:122.3;FM:;SW:},JA-a;AVGAS
CYDQ,Dawson Creek Airport,55.74229813,-120.1829987,{AM:122.2;FM:;SW:},JA-a;AVGAS
CYEG,Edmonton International Airport,53.30970001,-113.5800018,{AM:118.3;FM:;SW:},AVGAS
CYEK,Arviat Airport,61.09420013,-94.07080078,{AM:128.7;FM:;SW:},JA-a
CYEN,Estevan Airport,49.21030045,-102.9660034,{AM:123;FM:;SW:},JA-a
CYET,Edson Airport,53.57889938,-116.4649963,{AM:123.2;FM:;SW:},JA-a
CYEU,Eureka Airport,79.99469757,-85.81420136,{AM:122.8;FM:;SW:},AVGAS
CYEV,Inuvik Mike Zubko Airport,68.30419922,-133.4830017,{AM:128.5;FM:;SW:},JA-a
CYFB,Iqaluit Airport,63.756402,-68.555801,{AM:122.925;FM:;SW:},AVGAS
CYFC,Fredericton Airport,45.8689003,-66.53720093,{AM:119;FM:;SW:},JA-a
CYFE,Forestville Airport,48.74610138,-69.09719849,{AM:123.2;FM:;SW:},JA-a
CYFO,Flin Flon Airport,54.67810059,-101.6819992,{AM:122;FM:;SW:},JA-a
CYFR,Fort Resolution Airport,61.18080139,-113.6900024,{AM:122.1;FM:;SW:},JA-a;AVGAS
CYFS,Fort Simpson Airport,61.7602005,-121.2369995,{AM:135.4;FM:;SW:},AVGAS
CYGK,Kingston Norman Rogers Airport,44.22529984,-76.59690094,{AM:122.5;FM:;SW:},AVGAS
CYGQ,Geraldton Greenstone Regional Airport,49.77830124,-86.93939972,{AM:123.475;FM:;SW:},JA-a
CYHB,Hudson Bay Airport,52.81669998,-102.310997,{AM:122.8;FM:;SW:},JA-a;AVGAS
CYHD,Dryden Regional Airport,49.831699,-92.744202,{AM:122.9;FM:;SW:},JA-a
CYHI,Ulukhaktok Holman Airport,70.76280212,-117.8059998,{AM:122.1;FM:;SW:},JA-a
CYHK,Gjoa Haven Airport,68.63559723,-95.84970093,{AM:122.1;FM:;SW:},JA-a
CYHM,John C. Munro Hamilton International Airport,43.17359924,-79.93499756,{AM:119.7;FM:;SW:},JA-a
CYHY,Hay River / Merlyn Carter Airport,60.83969879,-115.7829971,{AM:126.7;FM:;SW:},AVGAS
CYHZ,Halifax / Stanfield International Airport,44.88079834,-63.50859833,{AM:118.7;FM:;SW:},JA-a
CYIB,Atikokan Municipal Airport,48.77389908,-91.63860321,{AM:122.3;FM:;SW:},AVGAS
CYIO,Pond Inlet Airport,72.6832962,-77.96669769,{AM:128.3;FM:;SW:},JA-a;AVGAS
CYJN,St Jean Airport,45.29439926,-73.28109741,{AM:125.15;FM:;SW:},JA-a
CYJT,Stephenville Airport,48.5442009,-58.54999924,{AM:132.3;FM:;SW:},JA-a;AVGAS
CYKA,Kamloops Airport,50.70220184,-120.4440002,{AM:121.9;FM:;SW:},JA-a;AVGAS
CYKF,Waterloo Airport,43.46080017,-80.37860107,{AM:128.275;FM:;SW:},JA-a
CYKL,Schefferville Airport,54.80530167,-66.80529785,{AM:122.2;FM:;SW:},JA-a
CYKY,Kindersley Airport,51.51750183,-109.1809998,{AM:122.8;FM:;SW:},JA-a;AVGAS
CYKZ,Buttonville Municipal Airport,43.86220169,-79.37000275,{AM:133.4;FM:;SW:},JA-a
CYLD,Chapleau Airport,47.81999969,-83.34670258,{AM:122.8;FM:;SW:},JA-a
CYLJ,Meadow Lake Airport,54.12530136,-108.5230026,{AM:124.5;FM:;SW:},JA-a;AVGAS
CYLL,Lloydminster Airport,53.30920029,-110.072998,{AM:122.2;FM:;SW:},JA-a
CYLT,Alert Airport,82.51779938,-62.2806015,{AM:;FM:;SW:},JA-a
CYLW,Kelowna International Airport,49.95610046,-119.3779984,{AM:126.7;FM:;SW:},JA-a
CYMA,Mayo Airport,63.61640167,-135.8679962,{AM:134.65;FM:;SW:},JA-a
CYMJ,Moose Jaw Air Vice Marshal C. M. McEwen Airport,50.33029938,-105.5589981,{AM:119;FM:;SW:28.94},JA-a
CYMM,Fort McMurray Airport,56.65330124,-111.2220001,{AM:128.5;FM:;SW:},AVGAS
CYMO,Moosonee Airport,51.29109955,-80.60780334,{AM:122.5;FM:;SW:},JA-a
CYMW,Maniwaki Airport,46.27280045,-75.99060059,{AM:126.57;FM:;SW:},JA-a
CYMX,Montreal International (Mirabel) Airport,45.679501,-74.038696,{AM:124.65;FM:;SW:},JA-a
CYNA,Natashquan Airport,50.18999863,-61.78919983,{AM:126.25;FM:;SW:},JA-a
CYND,Ottawa / Gatineau Airport,45.52170181,-75.56359863,{AM:128.175;FM:;SW:},JA-a